alert_type,count,avg_confidence
NaN,1044,0.85000000000000000000
velocity,18,0.90000000000000000000
unusual_amount,22,0.89318181818181818182
large_amount,197,0.54914873096446700508
unusual_hour,20,0.89750000000000000000
unusual_location,21,0.89285714285714285714
unusual_merchant,16,0.89687500000000000000
