{
  "model_type": "xgboost",
  "accuracy": 0.92,
  "precision": 0.1,
  "recall": 0.125,
  "f1_score": 0.1111111111111111,
  "auc": 0.7936197916666667,
  "training_date": "2025-03-24T15:53:40.459885",
  "test_size": 200,
  "fraud_ratio": 0.038
}